<?xml version="1.0" encoding="UTF-8"?>
<project version="4">
  <component name="CMakePresetLoader">{
  &quot;useNewFormat&quot;: true
}</component>
  <component name="CMakeReloadState">
    <option name="reloaded" value="true" />
  </component>
  <component name="CMakeRunConfigurationManager">
    <generated>
      <config projectName="file_comp__" targetName="file_comp__" />
    </generated>
  </component>
  <component name="CMakeSettings">
    <configurations>
      <configuration PROFILE_NAME="Debug" ENABLED="true" CONFIG_NAME="Debug" />
    </configurations>
  </component>
  <component name="ChangeListManager">
    <list default="true" id="8e7710dd-6309-4494-a799-ec5b580bf213" name="Changes" comment="" />
    <option name="SHOW_DIALOG" value="false" />
    <option name="HIGHLIGHT_CONFLICTS" value="true" />
    <option name="HIGHLIGHT_NON_ACTIVE_CHANGELIST" value="false" />
    <option name="LAST_RESOLUTION" value="IGNORE" />
  </component>
  <component name="ClangdSettings">
    <option name="formatViaClangd" value="false" />
  </component>
  <component name="ExecutionTargetManager" SELECTED_TARGET="CMakeBuildProfile:Debug" />
  <component name="HighlightingSettingsPerFile">
    <setting file="file://$PROJECT_DIR$/CMakeLists.txt" root0="FORCE_HIGHLIGHTING" />
    <setting file="file://$PROJECT_DIR$/main.cpp" root0="FORCE_HIGHLIGHTING" />
    <setting file="file://$PROJECT_DIR$/read_from_file.cpp" root0="FORCE_HIGHLIGHTING" />
    <setting file="file://$PROJECT_DIR$/read_from_file.h" root0="FORCE_HIGHLIGHTING" />
  </component>
  <component name="MarkdownSettingsMigration">
    <option name="stateVersion" value="1" />
  </component>
  <component name="ProjectApplicationVersion">
    <option name="ide" value="CLion" />
    <option name="majorVersion" value="2022" />
    <option name="minorVersion" value="2.1" />
  </component>
  <component name="ProjectId" id="2QdwQ23BS3PQuEDiPo6lJfCc88i" />
  <component name="ProjectViewState">
    <option name="hideEmptyMiddlePackages" value="true" />
    <option name="showLibraryContents" value="true" />
  </component>
  <component name="PropertiesComponent">{
  &quot;keyToString&quot;: {
    &quot;RunOnceActivity.cidr.known.project.marker&quot;: &quot;true&quot;,
    &quot;WebServerToolWindowFactoryState&quot;: &quot;false&quot;,
    &quot;cf.first.check.clang-format&quot;: &quot;false&quot;,
    &quot;cidr.known.project.marker&quot;: &quot;true&quot;,
    &quot;last_opened_file_path&quot;: &quot;C:/Users/Zear/CLionProjects/file_comp_!&quot;
  }
}</component>
  <component name="RunManager">
    <configuration default="true" type="CMakeRunConfiguration" factoryName="Application" REDIRECT_INPUT="false" ELEVATE="false" USE_EXTERNAL_CONSOLE="false" PASS_PARENT_ENVS_2="true">
      <method v="2">
        <option name="com.jetbrains.cidr.execution.CidrBuildBeforeRunTaskProvider$BuildBeforeRunTask" enabled="true" />
      </method>
    </configuration>
    <configuration name="file_comp__" type="CMakeRunConfiguration" factoryName="Application" REDIRECT_INPUT="false" ELEVATE="false" USE_EXTERNAL_CONSOLE="false" PASS_PARENT_ENVS_2="true" PROJECT_NAME="file_comp__" TARGET_NAME="file_comp__" CONFIG_NAME="Debug" RUN_TARGET_PROJECT_NAME="file_comp__" RUN_TARGET_NAME="file_comp__">
      <method v="2">
        <option name="com.jetbrains.cidr.execution.CidrBuildBeforeRunTaskProvider$BuildBeforeRunTask" enabled="true" />
      </method>
    </configuration>
  </component>
  <component name="SpellCheckerSettings" RuntimeDictionaries="0" Folders="0" CustomDictionaries="0" DefaultDictionary="application-level" UseSingleDictionary="true" transferred="true" />
  <component name="TaskManager">
    <task active="true" id="Default" summary="Default task">
      <changelist id="8e7710dd-6309-4494-a799-ec5b580bf213" name="Changes" comment="" />
      <created>1685696747217</created>
      <option name="number" value="Default" />
      <option name="presentableId" value="Default" />
      <updated>1685696747217</updated>
      <workItem from="1685696749403" duration="9495000" />
      <workItem from="1685709354225" duration="5530000" />
    </task>
    <servers />
  </component>
  <component name="TypeScriptGeneratedFilesManager">
    <option name="version" value="3" />
  </component>
</project>